ID produit;Nom du produit;Cout des matieres premieres par unite;Cout de la main d'oeuvre par unite;Cout total de production par unite
1;Produit A;12.110093989226677;18.214184907833324;30.32427889706
2;Produit B;11.768999211096716;26.35246756608972;38.12146677718644
3;Produit C;18.03762286104631;27.901132079996664;45.93875494104297
4;Produit D;12.950936825775987;27.064849383942352;40.01578620971834
5;Produit E;12.01970693717065;23.47093156262782;35.490638499798465
